source1_entity_id	matched_entity_ids
S1-104226194	
S1-104955523	
S1-108314429	
S1-112860356	
S1-114380129	
S1-116081375	
S1-124208550	
S1-125472274	
S1-13859063	
S1-151608539	
S1-154180077	
S1-164017572	
S1-167577766	
S1-169036830	
S1-170295653	
S1-17225841	
S1-175633133	
S1-181306265	
S1-184229550	
S1-189218186	
S1-192345497	
S1-196390702	
S1-200376709	
S1-218059706	
S1-218685314	
S1-225119054	
S1-233296344	
S1-234423373	
S1-235705784	
S1-241686597	
S1-253986331	
S1-256480068	
S1-257281473	
S1-261360486	
S1-269039848	
S1-270609465	
S1-273979066	
S1-274090278	
S1-284209086	S3-323666433
S1-285739773	
S1-289853373	
S1-291991311	
S1-30151590	
S1-304099102	
S1-307045007	
S1-308671803	
S1-314045617	
S1-315450523	
S1-318218643	
S1-324674388	
S1-328164935	
S1-340996011	
S1-355110377	
S1-356820551	
S1-357200984	
S1-365672071	
S1-366329737	
S1-372253974	
S1-3732976	
S1-375348297	
S1-376882708	
S1-381177686	
S1-385338713	
S1-391248994	
S1-401836525	
S1-404124513	
S1-404435514	
S1-406655545	
S1-410228098	
S1-411592446	
S1-423126373	
S1-42643591	
S1-451077707	
S1-451464552	
S1-453223583	
S1-453939454	
S1-464309352	
S1-464518977	
S1-464529384	
S1-465082733	
S1-469535575	
S1-474310615	
S1-47431587	S3-524549693
S1-477162050	
S1-483281264	
S1-483434064	
S1-486510827	
S1-491925427	
S1-493124566	
S1-498738124	
S1-500552277	
S1-500998121	
S1-501296085	
S1-506810298	
S1-509332273	
S1-515548222	
S1-520290406	
S1-520361644	
S1-520813789	
S1-52451029	
S1-530687623	
S1-533445371	
S1-538020889	
S1-545601093	
S1-545790155	
S1-549011344	
S1-558129390	
S1-558262132	
S1-559551054	
S1-562163221	
S1-563382731	
S1-564193651	
S1-56629354	
S1-569898026	
S1-570361411	
S1-571777559	
S1-5718747	
S1-577250550	
S1-57859332	S2-773414526
S1-585187511	S3-538855372
S1-589253257	
S1-590317213	
S1-596007326	
S1-596555182	
S1-609062608	
S1-611979795	
S1-612138552	
S1-613598143	
S1-613642244	
S1-622874768	S3-943109373
S1-627144525	
S1-63719584	
S1-6381641	
S1-640830255	
S1-644411036	
S1-657654513	
S1-658439443	
S1-665355186	
S1-669413769	
S1-671129885	
S1-677358632	
S1-67904101	
S1-702336597	
S1-706856946	
S1-709074730	
S1-716442915	
S1-719919136	
S1-72918323	
S1-732613749	
S1-734659223	
S1-739611320	
S1-745450749	
S1-745775319	
S1-746273151	
S1-748540962	
S1-760816941	
S1-762326721	
S1-771350895	
S1-778632723	
S1-78424718	
S1-790887991	
S1-791217329	
S1-800528107	
S1-801645099	
S1-807555566	
S1-816183362	
S1-820196196	
S1-829163315	
S1-831843558	
S1-832593986	
S1-834788095	S2-961444712
S1-844412430	
S1-852026470	
S1-85210897	
S1-854319024	
S1-862093695	
S1-866369736	S2-580478902
S1-869118709	
S1-872627167	
S1-874041790	
S1-878632015	
S1-883829621	
S1-892577020	
S1-914958503	
S1-915022305	
S1-919867800	
S1-920710760	
S1-92768400	
S1-942654297	
S1-945793047	
S1-948549202	
S1-95503899	
S1-959189311	
S1-96384915	
S1-973414824	
S1-974370004	
S1-975506716	
S1-984312810	
S1-988516196	
S1-993527714	
